INSERT INTO member (member_name, gender, idno, email, phone, birth_date, account, password)
VALUES
('王小明', '男', 'A123456789', 'xiaoming@example.com', '0912345678', '1990-05-01', 'xiaoming01', 'password123'),
('李美麗', '女', 'B987654321', 'meili@example.com', '0923456789', '1988-02-14', 'meili88', 'password456'),
('張大偉', '男', 'C123987654', 'dwei@example.com', '0934567890', '1995-08-25', 'dwei1995', 'password789'),
('林雪兒', '女', 'D456123987', 'xueer@example.com', '0945678901', '1992-12-10', 'xueer92', 'password234'),
('陳志強', '男', 'E789456123', 'zhiqiang@example.com', '0956789012', '1985-03-18', 'zhiqiang85', 'password567'),
('王雅婷', '女', 'F987123456', 'yating@example.com', '0967890123', '1993-06-12', 'yating93', 'password890'),
('趙國雄', '男', 'G123654987', 'guoxiong@example.com', '0978901234', '1980-07-20', 'guoxiong80', 'password321'),
('吳婷婷', '女', 'H654987321', 'tingting@example.com', '0989012345', '1997-04-15', 'tingting97', 'password654'),
('黃國華', '男', 'I321987654', 'guohua@example.com', '0990123456', '1991-11-05', 'guohua91', 'password432'),
('謝文瑋', '女', 'J123789456', 'wenwei@example.com', '0901234567', '1994-09-30', 'wenwei94', 'password876');

INSERT INTO address (member_id, recipient_name, phone, zipcode, city, district, address_detail, default_status)
VALUES 
(1, N'王小明', '0912345678', '100', N'台北市', N'中正區', N'重慶南路一段122號5樓', 1),
(2, N'李佳玲', '0987654321', '103', N'台北市', N'大同區', N'延平北路二段23號3樓', 1),
(3, N'陳大仁', '0922333444', '106', N'台北市', N'大安區', N'信義路三段88號6樓', 1),
(4, N'林靜怡', '0933555666', '104', N'台北市', N'中山區', N'松江路150巷10號2樓', 1),
(5, N'張志豪', '0966777888', '110', N'台北市', N'信義區', N'基隆路一段200號12樓', 1),
(6, N'黃曉美', '0977888999', '114', N'台北市', N'內湖區', N'港墘路45號7樓', 1),
(7, N'周怡君', '0955666777', '220', N'新北市', N'板橋區', N'中山路一段123巷6號', 1),
(8, N'蔡宏志', '0911222333', '231', N'新北市', N'新店區', N'北新路二段88號', 1),
(9, N'曾秀蘭', '0933222111', '242', N'新北市', N'新莊區', N'中正路300號8樓', 1),
(10, N'吳信宏', '0922001122', '320', N'桃園市', N'中壢區', N'環中東路55號4樓', 1),
(8, N'簡文斌', '0966888999', '302', N'新竹縣', N'竹北市', N'光明六路東一段32號6樓', 0),
(9, N'賴怡君', '0911222111', '403', N'台中市', N'西區', N'公益路168號7樓之1', 0),
(2, N'沈慧如', '0922444555', '407', N'台中市', N'西屯區', N'朝馬路88號12樓', 0),
(5, N'馮建宇', '0977333222', '500', N'彰化縣', N'彰化市', N'中山路二段155號', 0),
(6, N'尤雅惠', '0988999000', '600', N'嘉義市', N'東區', N'吳鳳南路318號', 0),
(7, N'何俊傑', '0912666888', '701', N'台南市', N'東區', N'大學路一段100號', 0),
(8, N'鍾佩芬', '0933888555', '802', N'高雄市', N'苓雅區', N'五福三路256號10樓', 0),
(1, N'江建成', '0955777666', '813', N'高雄市', N'左營區', N'自由三路66號3樓', 0),
(2, N'曾思妤', '0922888777', '900', N'屏東縣', N'屏東市', N'勝利路89號', 0),
(3, N'劉家豪', '0900123456', '970', N'花蓮縣', N'花蓮市', N'中正路500號', 0);

INSERT INTO article (member_id, title, content, category_id, view_count_num, is_pinned_status, is_featured_status)
VALUES
(1, '如何照顧你的貓咪', '本文介紹了如何為貓咪提供最佳的照顧方法，包括飲食、衛生、生活環境等方面的建議。', 1, 150, 1, 0),
(2, '狗狗訓練的基本技巧', '狗狗訓練是每個狗主人都需要掌握的技能。本文將介紹一些常見的基本訓練技巧，幫助您更好地教導您的狗狗。', 2, 200, 0, 1),
(3, '選擇適合的寵物用品', '選擇合適的寵物用品對於您的寵物的健康和舒適至關重要。本文將介紹如何挑選寵物用品，確保質量與安全。', 3, 120, 0, 0),
(4, '如何避免貓咪的常見疾病', '貓咪的健康問題是每個貓主人的關注焦點。本文介紹了幾種貓咪常見的健康問題及其預防方法。', 1, 180, 0, 1),
(5, '狗狗日常護理須知', '照顧狗狗的日常健康與衛生非常重要。本文介紹了如何進行狗狗的日常護理，包括洗澡、梳毛、耳朵清潔等。', 2, 160, 0, 0),
(6, '如何選擇適合的寵物醫院', '為了寵物的健康，選擇一間信賴的寵物醫院非常重要。本文將介紹如何挑選一個可靠的寵物醫院及其標準。', 3, 140, 1, 0),
(7, '貓咪的心理需求與照顧', '貓咪的心理需求與生理需求一樣重要。本文將介紹如何滿足貓咪的心理需求，讓它們保持快樂和健康。', 1, 220, 0, 1),
(8, '狗狗如何建立良好的衛生習慣', '讓狗狗養成良好的衛生習慣能夠有效預防疾病。本文將介紹如何幫助狗狗養成良好的衛生習慣。', 2, 150, 0, 0),
(9, '寵物旅行的注意事項', '帶著寵物一起旅行需要提前準備，本文介紹了寵物旅行中需要注意的各種事項，確保旅程愉快和安全。', 3, 190, 1, 0),
(10, '寵物保險的重要性', '隨著寵物醫療費用的上漲，越來越多的飼主選擇為寵物投保。本文將介紹為何寵物保險是必要的，以及如何選擇適合的保險方案。', 1, 210, 0, 0);


INSERT INTO pets (member_id, pet_name, pet_type, pet_size, pet_fur, pet_status)
VALUES
(1, '小白', '貓', '小型', '短毛', 1),
(2, '阿旺', '狗', '中型', '長毛', 1),
(3, '咪咪', '貓', '小型', '長毛', 1),
(4, '小黑', '狗', '大型', '短毛', 1),
(5, '雪球', '兔', '小型', '無毛', 1),
(6, '毛毛', '貓', '中型', '長毛', 0),
(7, '小米', '狗', '小型', '短毛', 1),
(8, '大黃', '狗', '中型', '短毛', 0),
(9, '小橘', '貓', '小型', '短毛', 1),
(10, '皮皮', '兔', '中型', '長毛', 1);


INSERT INTO appointments (member_id, pet_id, appointment_date, appointment_timeslot, appointment_total, appointment_status, payment_status)
VALUES
(1, 1, '2023-01-25', '10:00-12:00', 1000, 1, 1),
(2, 2, '2023-02-15', '12:00-14:00', 2000, 0, 1),
(3, 3, '2023-03-10', '14:00-16:00', 1350, 1, 1),
(4, 4, '2023-04-05', '16:00-18:00', 1900, 1, 1),
(5, 5, '2023-05-20', '10:00-12:00', 2800, 0, 1),
(6, 6, '2023-06-10', '12:00-14:00', 1000, 1, 1),
(7, 7, '2023-07-25', '14:00-16:00', 2000, 1, 0),
(8, 8, '2023-08-18', '16:00-18:00', 1350, 0, 1),
(9, 9, '2023-09-10', '10:00-12:00', 1900, 1, 1),
(10, 10, '2023-10-15', '12:00-14:00', 2800, 1, 0);


INSERT INTO items (item_name, item_price)
VALUES
('基礎洗澡', 1000),
('基礎洗護含美容修剪', 2000),
('專業洗護', 1900),
('專業洗護含美容修剪', 2800);

INSERT INTO packages (package_name, package_description, package_price)
VALUES 
('加重', '7公斤以上', 100),
('防蚤', '防蚤洗劑', 300),
('貓草', '貓咪草本洗毛精', 350),
('狗草', '狗狗草本洗毛精', 350);

INSERT INTO product (product_name, product_des, product_price, product_stock, category_name, product_photo) 
VALUES 
(N'犬用 慢烘鮮食蔬肉糧', N'專為愛吃鮮食的狗狗設計！...', 229, 1000, 'food', N'https://cdn-v2.dogcatstar.com/prod/2024/07/01/2158203/%E8%94%AC%E8%82%89%E7%B3%A7%E7%94%A2%E5%93%81%E5%9C%96_01.jpg'),
(N'犬用 Fantastic 95% 鮮肉無膠主食罐', N'🐾 每日餵食量與營養提醒...', 46, 1000, 'food', N'https://cdn-v2.dogcatstar.com/prod/2017/07/06/42495/dogcan-P1.jpg'),
(N'銀養罐｜熟齡犬無膠銀養主食罐', N'🐾 狗狗五大初老現象！你家毛孩有出現了嗎？...', 48, 1000, 'food', N'https://cdn-v2.dogcatstar.com/prod/2021/01/08/1161550/%E8%80%81%E7%8A%AC%E7%BD%90_P1-1536x1536.jpg.webp'),
(N'汪喵沙西米｜狗狗生肉主食餐', N'🐶🐱 毛孩吃的不是食物，是健康！...', 130, 1000, 'food', N'https://cdn-v2.dogcatstar.com/prod/2015/12/10/7222/doghpprawfood-01P-1.jpg.webp'),
(N'98% 咬咬肉蓉主食罐', N'🐱 想讓挑嘴貓咪主動開吃？試試「肉蓉罐」！...', 50, 1000, 'food', N'https://cdn-v2.dogcatstar.com/prod/2019/07/01/299988/groundmeat-K1.jpg'),
(N'益菌PRO+ 綿密肉泥主食罐', N'🐱 專為舔食貓設計的【肉泥主食罐】登場！...', 52, 1000, 'food', N'https://cdn-v2.dogcatstar.com/prod/2024/06/20/2153196/%E8%82%89%E6%B3%A5%E7%BD%90%E7%94%A2%E5%93%81%E5%9C%96_01-2.jpg'),
(N'銀養罐｜熟齡貓無膠銀養主食罐', N'🐱 銀養罐：專為熟齡貓設計的營養主食罐！...', 50, 1000, 'food', N'https://cdn-v2.dogcatstar.com/prod/2019/04/01/178594/oldcatcan-P1.jpeg'),
(N'汪喵沙西米｜貓咪生食餐', N'✅ 成幼貓生食餐 vs 幼母貓生食餐 🐾 每日主食，從源頭就講究！...', 60, 1000, 'food', N'https://cdn-v2.dogcatstar.com/prod/2015/12/10/7211/cathpprawfood-01P-1.jpg'),
(N'紓壓胺基酸｜犬貓紓壓胺基酸', N'【🐾 不安來襲，幫毛孩快速穩定情緒】...', 450, 1000, 'supplements', N'https://cdn-v2.dogcatstar.com/prod/2020/01/08/727477/petcalm-P1.jpg.webp'),
(N'亮毛護膚鱉蛋粉', N'【✨毛髮濃密的秘密，就在這瓶！】...', 380, 1000, 'supplements', N'https://cdn-v2.dogcatstar.com/prod/2019/03/19/177195/turtleegg_2025.jpg.webp'),
(N'TAURINE 牛磺酸', N'【守護毛孩心腦健康，從牛磺酸開始 💖】...', 320, 1000, 'supplements', N'https://cdn-v2.dogcatstar.com/prod/2019/01/07/158744/taurine-P1-1-1.jpg.webp'),
(N'護眼好明亮保養粉', N'🌟【讓毛孩眼睛雪亮亮 ✨】眼睛保健從日常開始！...', 660, 1000, 'supplements', N'https://cdn-v2.dogcatstar.com/prod/2018/12/04/151568/eyeshealth_P1.jpg.webp');

INSERT INTO orders (memberId, priceTotal, transactionTime, paymentMethod, paymentStatus, orderStatus, pickupMethod, trackingNum, updateTime) 
VALUES
(1, 136, '2025-04-07T16:24:13', '貨到付款', '已付款', '備貨中', '超商取貨', '1234567890', '2025-04-08T18:56:46'),
(2, 590, '2025-04-07T16:30:05', '貨到付款', '已付款', '包裹已送達', '超商取貨', '0987654321', '2025-04-08T22:55:10'),
(3, 4494, '2025-04-07T16:41:36', '線上付款', '已付款', '包裹已送達', '宅配', '1122334455', '2025-04-08T23:16:19'),
(1, 760, '2024-04-01T10:00:00', '貨到付款', '已付款', '包裹已送達', '超商取貨', '1234567890', '2025-04-08T23:16:29'),
(2, 4930, '2024-04-02T14:30:00', '貨到付款', '已付款', '退貨完成', '超商取貨', '0987654321', '2025-04-08T23:16:39'),
(3, 7004, '2024-04-03T16:45:00', '線上付款', '已付款', '包裹已送達', '超商取貨', '1122334455', '2025-04-08T23:16:48'),
(4, 924, '2024-04-04T12:00:00', '貨到付款', '付款失敗', '訂單取消', '超商取貨', '5432167890', '2025-04-08T23:16:57'),
(5, 11218, '2024-04-05T13:30:00', '線上付款', '已付款', '已出貨', '宅配', '6789054321', '2025-04-08T23:17:07'),
(6, 456, '2024-04-06T17:00:00', '貨到付款', '已付款', '備貨中', '超商取貨', '9876543210', '2025-04-08T23:17:15'),
(7, 278, '2024-04-07T10:30:00', '線上付款', '已付款', '退貨中', '超商取貨', '2345678901', '2025-04-08T23:17:23'),
(8, 3952, '2024-04-08T15:45:00', '線上付款', '已付款', '已出貨', '超商取貨', '3210987654', '2025-04-08T23:17:43'),
(9, 260, '2024-04-09T14:15:00', '線上付款', '已付款', '訂單已成立', '超商取貨', '4321098765', '2025-04-08T23:17:56'),
(10, 3952, '2024-04-10T16:00:00', '貨到付款', '已付款', '包裹已送達', '宅配', '5678901234', '2025-04-08T23:18:10'),
(8, 17000, '2025-04-06T15:31:58', '線上付款', '已付款', '備貨中', '超商取貨', '', '2025-04-08T23:18:21'),
(5, 1077, '2025-04-06T15:36:42', '貨到付款', '已付款', '已出貨', '超商取貨', '9876338471', '2025-04-08T23:18:30'),
(3, 660, '2025-04-06T15:37:50', '線上付款', '待付款', '備貨中', '超商取貨', '', '2025-04-08T23:18:40'),
(3, 1540, '2025-04-06T15:38:12', '線上付款', '待付款', '備貨中', '超商取貨', '', '2025-04-08T23:18:51'),
(1, 780, '2025-04-06T16:21:15', '貨到付款', '已付款', '已出貨', '超商取貨', '2944447261', '2025-04-08T23:18:59'),
(12, 620, '2025-04-07T15:38:17', '貨到付款', '已付款', '訂單已成立', '超商取貨', '', '2025-04-08T23:19:09'),
(11, 2176, '2025-04-07T15:51:48', '線上付款', '付款失敗', '訂單取消', '超商取貨', '2134567888', '2025-04-08T23:19:18'),
(5, 3750, '2025-04-07T16:03:05', '線上付款', '付款失敗', '備貨中', '超商取貨', '1234567899', '2025-04-08T23:19:27'),
(9, 2198, '2025-04-07T17:19:02', '線上付款', '已付款', '備貨中', '宅配', '', '2025-04-08T23:19:35'),
(1, 2969, '2025-04-07T17:22:25', '貨到付款', '已付款', '訂單取消', '超商取貨', '', '2025-04-08T23:19:43'),
(5, 2888, '2025-04-06T16:23:25', '貨到付款', '付款失敗', '訂單取消', '超商取貨', '', '2025-04-08T23:19:43');

INSERT INTO order_detail (orderId, productId, quantity, unitPrice, subtotal, rating, comment, status) 
VALUES
(8, 2, 3, 100, 300, 5, '品質很好', 'active'),
(8, 4, 1, 250, 250, '', '', 'active'),
(9, 5, 2, 150, 300, 4, '會再回購', 'active'),
(1, 19, 2, 68, 136, 5, '觸感良好，會再回購', 'active'),
(2, 2, 10, 46, 460, 5, '家裡的狗狗超愛吃', 'active'),
(2, 4, 1, 130, 130, 5, '家裡的狗狗超愛吃', 'active'),
(3, 4, 9, 130, 1170, 5, '很好吃', 'active'),
(3, 1, 6, 229, 1374, 4, '還不錯', 'active'),
(3, 14, 3, 650, 1950, 5, '毛毯很舒服', 'active'),
(4, 10, 2, 380, 760, '', '', 'active'),
(5, 6, 3, 52, 156, 5, '很好吃', 'active'),
(5, 11, 10, 320, 3200, 4, '不錯', 'active'),
(5, 1, 6, 229, 1374, 5, '狗狗很喜歡', 'active'),
(5, 7, 4, 50, 200, 3, '我家老貓貓不喜歡', 'active'),
(6, 13, 2, 3400, 6800, 5, '超方便', 'active'),
(6, 19, 3, 68, 204, 5, '超好用', 'active'),
(7, 18, 7, 132, 924, 5, '太棒了吧', 'active'),
(8, 3, 6, 48, 288, 5, '很好吃', 'active'),
(8, 15, 4, 890, 3560, '', '', 'active'),
(8, 10, 9, 380, 3420, '', '', 'active'),
(8, 13, 1, 3400, 3400, '', '', 'active'),
(9, 6, 3, 52, 156, 5, '堪稱完美', 'active'),
(10, 17, 2, 139, 278, 5, '真的很好吃', 'active'),
(11, 11, 3, 320, 960, 5, '營養均衡，會再回購', 'active'),
(11, 19, 4, 68, 272, 4, '還行', 'active'),
(11, 5, 1, 50, 50, 4, '不錯，但價格有點貴', 'active'),
(11, 15, 3, 890, 2670, 5, '我很喜歡用', 'active'),
(12, 4, 2, 130, 260, '', '', 'active'),
(13, 1, 2, 229, 458, '', '', 'active'),
(13, 9, 7, 450, 3150, 5, '到處比價過後買了貓狗大站的，很滿意', 'active'),
(13, 6, 2, 52, 104, 5, '太神奇了', 'active'),
(13, 8, 4, 60, 240, 5, '大推推推！！', 'active'),
(14, 13, 5, 3400, 17000, '', '', 'active'),
(15, 17, 3, 139, 417, 3, '我家毛毛覺得普通', 'active'),
(15, 18, 5, 132, 660, 5, '毛毛覺得好吃', 'active'),
(16, 12, 1, 660, 660, '', '', 'active'),
(17, 8, 3, 60, 180, '', '', 'active'),
(17, 19, 5, 68, 340, '', '', 'active'),
(17, 2, 10, 46, 460, '', '', 'active'),
(17, 5, 2, 50, 100, 5, '還不錯餒', 'active'),
(18, 4, 6, 130, 780, '', '', 'active'),
(19, 14, 4, 650, 2600, '', '', 'active'),
(20, 10, 1, 380, 380, '', '', 'active'),
(20, 3, 5, 48, 240, '', '', 'active'),
(21, 15, 2, 890, 1780, '', '', 'active'),
(21, 18, 3, 132, 396, '', '', 'active'),
(22, 7, 7, 50, 350, '', '', 'active'),
(22, 13, 1, 3400, 3400, '', '', 'active'),
(23, 17, 2, 139, 278, '', '', 'active'),
(23, 11, 6, 320, 1920, '', '', 'active'),
(24, 1, 1, 229, 229, '', '', 'active'),
(24, 16, 8, 180, 1440, '', '', 'active'),
(24, 14, 2, 650, 1300, '', '', 'active');
