INSERT INTO member (member_name, gender, idno, email, phone, birth_date, member_photo, account, password, role)
VALUES
('王小明', '男', 'A123456781', 'wxm1@test.com', '0912000001', '1995-01-01', 'https://api.dicebear.com/7.x/adventurer/svg?seed=member1', 'wxm1', '123456', 'user'),
('林怡君', '女', 'B234567892', 'lyj2@test.com', '0912000002', '1992-03-05', 'https://api.dicebear.com/7.x/adventurer/svg?seed=member2', 'lyj2', '123456', 'user'),
('陳建志', '男', 'C345678903', 'cjz3@test.com', '0912000003', '1988-06-15', 'https://api.dicebear.com/7.x/adventurer/svg?seed=member3', 'cjz3', '123456', 'user'),
('張惠美', '女', 'D456789014', 'zhm4@test.com', '0912000004', '1990-11-20', 'https://api.dicebear.com/7.x/adventurer/svg?seed=member4', 'zhm4', '123456', 'user'),
('李宗憲', '男', 'E567890125', 'lzx5@test.com', '0912000005', '1985-08-22', 'https://api.dicebear.com/7.x/adventurer/svg?seed=member5', 'lzx5', '123456', 'admin'),
('蔡佩蓉', '女', 'F678901236', 'cpr6@test.com', '0912000006', '1993-04-09', 'https://api.dicebear.com/7.x/adventurer/svg?seed=member6', 'cpr6', '123456', 'user'),
('賴冠宇', '男', 'G789012347', 'lgy7@test.com', '0912000007', '1989-09-18', 'https://api.dicebear.com/7.x/adventurer/svg?seed=member7', 'lgy7', '123456', 'user'),
('吳欣怡', '女', 'H890123458', 'wxy8@test.com', '0912000008', '1994-02-25', 'https://api.dicebear.com/7.x/adventurer/svg?seed=member8', 'wxy8', '123456', 'user'),
('楊智偉', '男', 'I901234569', 'yzw9@test.com', '0912000009', '1991-07-30', 'https://api.dicebear.com/7.x/adventurer/svg?seed=member9', 'yzw9', '123456', 'user'),
('簡玉婷', '女', 'J012345670', 'jyt10@test.com', '0912000010', '1996-12-01', 'https://api.dicebear.com/7.x/adventurer/svg?seed=member10', 'jyt10', '123456', 'admin'),
('鄭家豪', '男', 'K123456781', 'zjh11@test.com', '0912000011', '1992-10-10', 'https://api.dicebear.com/7.x/adventurer/svg?seed=member11', 'zjh11', '123456', 'user'),
('徐婉君', '女', 'L234567892', 'xwj12@test.com', '0912000012', '1987-03-18', 'https://api.dicebear.com/7.x/adventurer/svg?seed=member12', 'xwj12', '123456', 'user'),
('何俊逸', '男', 'M345678903', 'hjy13@test.com', '0912000013', '1990-09-09', 'https://api.dicebear.com/7.x/adventurer/svg?seed=member13', 'hjy13', '123456', 'user'),
('謝怡霏', '女', 'N456789014', 'xyf14@test.com', '0912000014', '1995-05-05', 'https://api.dicebear.com/7.x/adventurer/svg?seed=member14', 'xyf14', '123456', 'user'),
('游明哲', '男', 'O567890125', 'ymz15@test.com', '0912000015', '1984-06-26', 'https://api.dicebear.com/7.x/adventurer/svg?seed=member15', 'ymz15', '123456', 'admin'),
('郭庭瑜', '女', 'P678901236', 'gty16@test.com', '0912000016', '1989-01-11', 'https://api.dicebear.com/7.x/adventurer/svg?seed=member16', 'gty16', '123456', 'user'),
('張翔宇', '男', 'Q789012347', 'zxy17@test.com', '0912000017', '1993-08-28', 'https://api.dicebear.com/7.x/adventurer/svg?seed=member17', 'zxy17', '123456', 'user'),
('陳思穎', '女', 'R890123458', 'csy18@test.com', '0912000018', '1991-02-14', 'https://api.dicebear.com/7.x/adventurer/svg?seed=member18', 'csy18', '123456', 'user'),
('黃彥博', '男', 'S901234569', 'hyb19@test.com', '0912000019', '1986-07-07', 'https://api.dicebear.com/7.x/adventurer/svg?seed=member19', 'hyb19', '123456', 'user'),
('劉佳妤', '女', 'T012345670', 'ljy20@test.com', '0912000020', '1997-10-03', 'https://api.dicebear.com/7.x/adventurer/svg?seed=member20', 'ljy20', '123456', 'admin');

INSERT INTO address (member_id, recipient_name, phone, zipcode, city, district, address_detail)
VALUES
(1, '王小明', '0912000001', '100', '臺北市', '中正區', '重慶南路一段122號5樓'),
(2, '林祐昇', '0912000002', '106', '臺北市', '大安區', '復興南路一段390號10樓'),
(3, '陳惠志', '0912000003', '220', '新北市', '板橋區', '文化路一段45號3樓'),
(4, '張思賢', '0912000004', '403', '臺中市', '西區', '英才路600號2樓'),
(5, '李宗憲', '0912000005', '500', '彰化縣', '彰化市', '中山路二段230號'),
(6, '蔡佩筠', '0912000006', '600', '嘉義市', '東區', '忠孝路100號4樓'),
(7, '賴冠宇', '0912000007', '700', '臺南市', '中西區', '民族路二段156號'),
(8, '呂欣怡', '0912000008', '800', '高雄市', '新興區', '中山一路270號8樓'),
(9, '柯彥偉', '0912000009', '100', '臺北市', '信義區', '松壽路1號10樓'),
(10, '蕭玉修', '0912000010', '104', '臺北市', '中山區', '民生東路三段8號'),
(11, '鄭家豪', '0912000011', '300', '新竹市', '北區', '湳雅街15號'),
(12, '石俊逸', '0912000012', '320', '桃園市', '中壢區', '環北路88號'),
(13, '何俊逸', '0912000013', '402', '臺中市', '南區', '忠明南路200號'),
(14, '謝怡瑄', '0912000014', '408', '臺中市', '南屯區', '文心南三路99號'),
(15, '游祥哲', '0912000015', '500', '彰化縣', '員林市', '中正路125號'),
(16, '郭長榮', '0912000016', '708', '臺南市', '安平區', '古堡街77號'),
(17, '張炳軒', '0912000017', '600', '嘉義市', '西區', '博愛路二段222號'),
(18, '陳思穎', '0912000018', '807', '高雄市', '三民區', '建國二路333號'),
(19, '范定傑', '0912000019', '802', '高雄市', '苓雅區', '四維三路88號'),
(20, '劉佳妤', '0912000020', '324', '桃園市', '平鎮區', '中豐路512號'),
(1, '王媽媽', '0900001234', '111', '臺北市', '士林區', '天母東路5巷2號'),
(2, '林太太', '0900002234', '114', '臺北市', '內湖區', '民權東路六段100號'),
(3, '志志外送', '0900003234', '220', '新北市', '板橋區', '文化路一段99號'),
(4, '張家長輩', '0900004234', '403', '臺中市', '南區', '復興路一段45號'),
(5, '李大哥', '0900005234', '500', '彰化縣', '花壇鄉', '中山路一段77號'),
(6, '蔡小姐', '0900006234', '600', '嘉義市', '東區', '民族路168號'),
(7, '賴爸', '0900007234', '701', '臺南市', '東區', '崇德十街5號'),
(8, '欣怡姐姐', '0900008234', '802', '高雄市', '苓雅區', '成功一路9號10樓'),
(9, '柯媽媽', '0900009234', '104', '臺北市', '中山區', '吉林路100號'),
(10, '蕭司機', '0900010234', '241', '新北市', '三重區', '重新路二段20號');


INSERT INTO article (member_id, title, content, category_id, view_count_num, is_pinned_status, is_featured_status)
VALUES
(1, '如何照顧你的貓咪', '本文介紹了如何為貓咪提供最佳的照顧方法，包括飲食、衛生、生活環境等方面的建議。', 1, 150, 1, 0),
(2, '狗狗訓練的基本技巧', '狗狗訓練是每個狗主人都需要掌握的技能。本文將介紹一些常見的基本訓練技巧，幫助您更好地教導您的狗狗。', 2, 200, 0, 1),
(3, '選擇適合的寵物用品', '選擇合適的寵物用品對於您的寵物的健康和舒適至關重要。本文將介紹如何挑選寵物用品，確保質量與安全。', 3, 120, 0, 0),
(4, '如何避免貓咪的常見疾病', '貓咪的健康問題是每個貓主人的關注焦點。本文介紹了幾種貓咪常見的健康問題及其預防方法。', 1, 180, 0, 1),
(5, '狗狗日常護理須知', '照顧狗狗的日常健康與衛生非常重要。本文介紹了如何進行狗狗的日常護理，包括洗澡、梳毛、耳朵清潔等。', 2, 160, 0, 0),
(6, '如何選擇適合的寵物醫院', '為了寵物的健康，選擇一間信賴的寵物醫院非常重要。本文將介紹如何挑選一個可靠的寵物醫院及其標準。', 3, 140, 1, 0),
(7, '貓咪的心理需求與照顧', '貓咪的心理需求與生理需求一樣重要。本文將介紹如何滿足貓咪的心理需求，讓它們保持快樂和健康。', 1, 220, 0, 1),
(8, '狗狗如何建立良好的衛生習慣', '讓狗狗養成良好的衛生習慣能夠有效預防疾病。本文將介紹如何幫助狗狗養成良好的衛生習慣。', 2, 150, 0, 0),
(9, '寵物旅行的注意事項', '帶著寵物一起旅行需要提前準備，本文介紹了寵物旅行中需要注意的各種事項，確保旅程愉快和安全。', 3, 190, 1, 0),
(10, '寵物保險的重要性', '隨著寵物醫療費用的上漲，越來越多的飼主選擇為寵物投保。本文將介紹為何寵物保險是必要的，以及如何選擇適合的保險方案。', 1, 210, 0, 0);


INSERT INTO items (item_name, item_price)
VALUES
('基礎洗澡', 1000),
('基礎洗護含美容修剪', 2000),
('專業洗護', 1900),
('專業洗護含美容修剪', 2800);


INSERT INTO packages (package_name, package_description, package_price)
VALUES 
('加重', '7公斤以上', 100),
('防蚤', '防蚤洗劑', 300),
('貓草', '貓咪草本洗毛精', 350),
('狗草', '狗狗草本洗毛精', 350);


INSERT INTO pets (member_id, pet_name, pet_type, pet_size, pet_fur, pet_status)
VALUES
(1, '小白', '貓', '小型', '短毛', 1),
(2, '阿旺', '狗', '中型', '長毛', 1),
(3, '咪咪', '貓', '小型', '長毛', 1),
(4, '小黑', '狗', '大型', '短毛', 1),
(5, '雪球', '兔', '小型', '無毛', 1),
(6, '毛毛', '貓', '中型', '長毛', 0),
(7, '小米', '狗', '小型', '短毛', 1),
(8, '大黃', '狗', '中型', '短毛', 0),
(9, '小橘', '貓', '小型', '短毛', 1),
(10, '皮皮', '兔', '中型', '長毛', 1);


INSERT INTO appointments (member_id, pet_id, appointment_date, appointment_timeslot, appointment_total, appointment_status, payment_status)
VALUES
(1, 1, '2023-01-25', '10:00-12:00', 1000, 1, 1),
(2, 2, '2023-02-15', '12:00-14:00', 2000, 0, 1),
(3, 3, '2023-03-10', '14:00-16:00', 1350, 1, 1),
(4, 4, '2023-04-05', '16:00-18:00', 1900, 1, 1),
(5, 5, '2023-05-20', '10:00-12:00', 2800, 0, 1),
(6, 6, '2023-06-10', '12:00-14:00', 1000, 1, 1),
(7, 7, '2023-07-25', '14:00-16:00', 2000, 1, 0),
(8, 8, '2023-08-18', '16:00-18:00', 1350, 0, 1),
(9, 9, '2023-09-10', '10:00-12:00', 1900, 1, 1),
(10, 10, '2023-10-15', '12:00-14:00', 2800, 1, 0);


INSERT INTO product (product_name, product_des, product_price, product_stock, category_name, product_photo)
VALUES
('優質犬糧 3kg', '含豐富蛋白質與膳食纖維，專為成犬設計的營養配方。', 899, 120, '飼料', '/images/products/dog_food_1.jpg'),
('經典貓糧 2kg', '高消化吸收配方，提升貓咪免疫力。', 749, 85, '飼料', '/images/products/cat_food_1.jpg'),
('雞肉風味潔牙骨', '可口又能幫助清潔牙齒，適合小型犬。', 159, 250, '零食', '/images/products/dog_snack_1.jpg'),
('貓咪凍乾小點心', '純天然原肉凍乾，無添加。', 199, 190, '零食', '/images/products/cat_snack_1.jpg'),
('寵物專用潔耳液', '溫和不刺激，有效清潔耳道。', 299, 75, '清潔用品', '/images/products/ear_cleaner.jpg'),
('全自動飲水機', '循環活水設計，提升飲水意願。', 1280, 50, '飲水器', '/images/products/water_fountain.jpg'),
('貓抓柱（經典款）', '麻繩包覆、穩固底座，讓貓咪盡情抓抓。', 650, 30, '用品', '/images/products/cat_pole.jpg'),
('雙層貓砂盆', '附有過濾網，便於清理。', 540, 60, '用品', '/images/products/litter_box.jpg'),
('寵物指甲剪', '安全不傷肉，適用所有犬貓。', 189, 100, '美容', '/images/products/nail_clipper.jpg'),
('天然潔牙餅乾', '添加薄荷精華，有效清新口氣。', 239, 110, '零食', '/images/products/dog_snack_2.jpg'),
('大型犬專用背帶', '舒適透氣布料，適合戶外活動。', 860, 20, '用品', '/images/products/harness.jpg'),
('貓跳台（五層）', '堅固耐用，讓貓咪盡情探索。', 3200, 10, '用品', '/images/products/cat_tree.jpg'),
('潔牙手套', '手套型設計，方便為毛孩清潔口腔。', 270, 80, '清潔用品', '/images/products/dental_glove.jpg'),
('小型犬乾糧 1.5kg', '易消化配方，專為幼犬設計。', 560, 65, '飼料', '/images/products/dog_food_2.jpg'),
('室內貓營養罐頭', '添加牛磺酸，滿足貓咪日常營養。', 95, 300, '罐頭', '/images/products/cat_can.jpg'),
('貓砂（無香）6kg', '強力除臭、無塵設計，安心好清理。', 360, 120, '用品', '/images/products/litter.jpg'),
('牛肉潔齒骨（大）', '耐咬設計，幫助潔牙兼解悶。', 198, 140, '零食', '/images/products/dog_snack_3.jpg'),
('寵物除臭噴霧', '天然配方，長效除臭不刺激。', 320, 90, '清潔用品', '/images/products/deodorant.jpg'),
('逗貓棒套組', '多款羽毛可替換，激發貓咪玩樂。', 150, 200, '玩具', '/images/products/cat_toy.jpg'),
('狗狗便便袋補充包', '可分解材質，環保又方便。', 99, 500, '清潔用品', '/images/products/poop_bag.jpg');


INSERT INTO orders (member_id, price_total, transaction_time, payment_method, payment_status, order_status, pickup_method, tracking_num, update_time) 
VALUES
(1, 136, '2025-01-07T16:24:13', '貨到付款', '已付款', '備貨中', '超商取貨', '1234567890', '2025-01-15T18:56:46'),
(2, 590, '2025-01-07T16:30:05', '貨到付款', '已付款', '包裹已送達', '超商取貨', '0987654321', '2025-01-10T22:55:10'),
(3, 4494, '2025-01-07T16:41:36', '線上付款', '已付款', '包裹已送達', '宅配', '1122334455', '2025-01-08T23:16:19'),
(1, 760, '2025-01-01T10:00:00', '貨到付款', '已付款', '包裹已送達', '超商取貨', '1234567890', '2025-01-08T23:16:29'),
(2, 4930, '2025-02-02T14:30:00', '貨到付款', '已付款', '退貨完成', '超商取貨', '0987654321', '2025-02-08T23:16:39'),
(3, 7004, '2025-02-03T16:45:00', '線上付款', '已付款', '包裹已送達', '超商取貨', '1122334455', '2025-02-08T23:16:48'),
(4, 924, '2025-02-04T12:00:00', '貨到付款', '付款失敗', '訂單取消', '超商取貨', '5432167890', '2025-02-08T23:16:57'),
(5, 11218, '2025-02-05T13:30:00', '線上付款', '已付款', '已出貨', '宅配', '6789054321', '2025-02-08T23:17:07'),
(6, 456, '2025-02-06T17:00:00', '貨到付款', '已付款', '備貨中', '超商取貨', '9876543210', '2025-02-08T23:17:15'),
(7, 278, '2025-03-07T10:30:00', '線上付款', '已付款', '退貨中', '超商取貨', '2345678901', '2025-03-08T23:17:23'),
(8, 3952, '2025-03-08T15:45:00', '線上付款', '已付款', '已出貨', '超商取貨', '3210987654', '2025-03-08T23:17:43'),
(9, 260, '2025-03-09T14:15:00', '線上付款', '已付款', '訂單已成立', '超商取貨', '4321098765', '2025-03-08T23:17:56'),
(10, 3952, '2025-03-10T16:00:00', '貨到付款', '已付款', '包裹已送達', '宅配', '5678901234', '2025-03-12T23:18:10'),
(8, 17000, '2025-03-06T15:31:58', '線上付款', '已付款', '備貨中', '超商取貨', '', '2025-03-11T23:18:21'),
(5, 1077, '2025-03-06T15:36:42', '貨到付款', '已付款', '已出貨', '超商取貨', '9876338471', '2025-03-09T23:18:30'),
(3, 660, '2025-03-06T15:37:50', '線上付款', '待付款', '備貨中', '超商取貨', '', '2025-03-08T23:18:40'),
(3, 1540, '2025-04-06T15:38:12', '線上付款', '待付款', '備貨中', '超商取貨', '', '2025-04-08T23:18:51'),
(1, 780, '2025-04-06T16:21:15', '貨到付款', '已付款', '已出貨', '超商取貨', '2944447261', '2025-04-08T23:18:59'),
(10, 620, '2025-04-07T15:38:17', '貨到付款', '已付款', '訂單已成立', '超商取貨', '', '2025-04-08T23:19:09'),
(6, 2176, '2025-04-07T15:51:48', '線上付款', '付款失敗', '訂單取消', '超商取貨', '2134567888', '2025-04-08T23:19:18'),
(5, 3750, '2025-04-07T16:03:05', '線上付款', '付款失敗', '備貨中', '超商取貨', '1234567899', '2025-04-08T23:19:27'),
(9, 2198, '2025-04-09T17:19:02', '線上付款', '已付款', '備貨中', '宅配', '', '2025-04-11T23:19:35'),
(1, 2969, '2025-04-09T17:22:25', '貨到付款', '已付款', '訂單取消', '超商取貨', '', '2025-04-11T23:19:43'),
(8, 6524, '2025-03-01T15:45:00', '線上付款', '已付款', '已出貨', '超商取貨', '3218887654', '2025-03-08T23:16:43');


INSERT INTO order_detail (order_id, product_id, quantity, unit_price, subtotal, rating, comment, status)
VALUES
(8, 2, 3, 100, 300, 5, '品質很好', 'active'),
(8, 4, 1, 250, 250, '', '', 'active'),
(9, 5, 2, 150, 300, 4, '會再回購', 'active'),
(1, 19, 2, 68, 136, 5, '觸感良好，會再回購', 'active'),
(2, 2, 10, 46, 460, 5, '家裡的狗狗超愛吃', 'active'),
(2, 4, 1, 130, 130, 5, '家裡的狗狗超愛吃', 'active'),
(3, 4, 9, 130, 1170, 5, '很好吃', 'active'),
(3, 1, 6, 229, 1374, 4, '還不錯', 'active'),
(3, 14, 3, 650, 1950, 5, '毛毯很舒服', 'active'),
(4, 10, 2, 380, 760, '', '', 'active'),
(5, 6, 3, 52, 156, 5, '很好吃', 'active'),
(5, 11, 10, 320, 3200, 4, '不錯', 'active'),
(5, 1, 6, 229, 1374, 5, '狗狗很喜歡', 'active'),
(5, 7, 4, 50, 200, 3, '我家老貓貓不喜歡', 'active'),
(6, 13, 2, 3400, 6800, 5, '超方便', 'active'),
(6, 19, 3, 68, 204, 5, '超好用', 'active'),
(7, 18, 7, 132, 924, 5, '太棒了吧', 'active'),
(8, 3, 6, 48, 288, 5, '很好吃', 'active'),
(8, 15, 4, 890, 3560, '', '', 'active'),
(8, 10, 9, 380, 3420, '', '', 'active'),
(8, 13, 1, 3400, 3400, '', '', 'active'),
(9, 6, 3, 52, 156, 5, '堪稱完美', 'active'),
(10, 17, 2, 139, 278, 5, '真的很好吃', 'active'),
(11, 11, 3, 320, 960, 5, '營養均衡，會再回購', 'active'),
(11, 19, 4, 68, 272, 4, '還行', 'active'),
(11, 5, 1, 50, 50, 4, '不錯，但價格有點貴', 'active'),
(11, 15, 3, 890, 2670, 5, '我很喜歡用', 'active'),
(12, 4, 2, 130, 260, '', '', 'active'),
(13, 1, 2, 229, 458, '', '', 'active'),
(13, 9, 7, 450, 3150, 5, '到處比價過後買了貓狗大站的，很滿意', 'active'),
(13, 6, 2, 52, 104, 5, '太神奇了', 'active'),
(13, 8, 4, 60, 240, 5, '大推推推！！', 'active'),
(14, 13, 5, 3400, 17000, '', '', 'active'),
(15, 17, 3, 139, 417, 3, '我家毛毛覺得普通', 'active'),
(15, 18, 5, 132, 660, 5, '毛毛覺得好吃', 'active'),
(16, 12, 1, 660, 660, '', '', 'active'),
(17, 8, 3, 60, 180, '', '', 'active'),
(17, 19, 5, 68, 340, '', '', 'active'),
(17, 2, 10, 46, 460, '', '', 'active'),
(17, 5, 2, 50, 100, 5, '還不錯餒', 'active'),
(18, 4, 6, 130, 780, '', '', 'active'),
(19, 14, 4, 650, 2600, '', '', 'active'),
(20, 10, 1, 380, 380, '', '', 'active'),
(20, 3, 5, 48, 240, '', '', 'active'),
(21, 15, 2, 890, 1780, '', '', 'active'),
(21, 18, 3, 132, 396, '', '', 'active'),
(22, 7, 7, 50, 350, '', '', 'active'),
(22, 13, 1, 3400, 3400, '', '', 'active'),
(23, 17, 2, 139, 278, '', '', 'active'),
(23, 11, 6, 320, 1920, '', '', 'active'),
(24, 1, 1, 229, 229, '', '', 'active'),
(24, 16, 8, 180, 1440, '', '', 'active'),
(24, 14, 2, 650, 1300, '', '', 'active');


INSERT INTO shoppingcart_item (member_id, product_id, quantity, created_time)
VALUES 
(1, 2, 3, GETDATE()),
(2, 4, 1, GETDATE()),
(3, 1, 5, GETDATE());